no,combo,ray,comp_a,comp_b,mole_frac_a,mole_frac_b,4h_EC30,4h_EC50,6h_EC30,6h_EC50,8h_EC30,8h_EC50,10h_EC30,10h_EC50,12h_EC30,12h_EC50
1,ENR-CTC,R1,ENR,CTC,0.246,0.754,6.787,6.674,6.861,6.772,6.866,6.789,6.915,6.843,7.023,6.945
2,ENR-CTC,R2,ENR,CTC,0.115,0.885,6.544,6.411,6.605,6.496,6.625,6.554,6.657,6.595,6.733,6.656
3,ENR-CTC,R3,ENR,CTC,0.061,0.939,6.43,6.175,6.477,6.3,6.458,6.368,6.464,6.391,6.536,6.439
4,ENR-CTC,R4,ENR,CTC,0.032,0.968,6.382,6.12,6.444,6.23,6.413,6.253,6.412,6.271,6.387,6.275
5,ENR-CTC,R5,ENR,CTC,0.013,0.987,6.278,5.892,6.382,6.06,6.353,6.135,6.353,6.135,6.361,6.173
6,ENR-CMP,R1,ENR,CMP,0.346,0.654,6.961,6.585,7.18,6.946,7.342,7.123,7.454,7.257,7.555,7.39
7,ENR-CMP,R2,ENR,CMP,0.175,0.825,6.765,6.307,6.967,6.68,7.125,6.861,7.227,6.99,7.332,7.114
8,ENR-CMP,R3,ENR,CMP,0.096,0.904,6.661,6.287,6.764,6.512,6.833,6.615,6.911,6.713,6.996,6.802
9,ENR-CMP,R4,ENR,CMP,0.05,0.95,6.724,6.339,6.813,6.501,6.929,6.625,7.052,6.758,7.087,6.83
10,ENR-CMP,R5,ENR,CMP,0.021,0.979,6.747,6.354,6.902,6.538,7.032,6.686,7.177,6.845,7.135,6.888
11,ENR-ETM,R1,ENR,ETM,0.432,0.568,7.048,6.787,7.173,7.073,7.23,7.145,7.277,7.198,7.361,7.276
12,ENR-ETM,R2,ENR,ETM,0.233,0.767,6.899,6.634,7.003,6.832,7.05,6.952,7.082,7.0,7.143,7.057
13,ENR-ETM,R3,ENR,ETM,0.132,0.868,6.714,6.345,6.842,6.579,6.91,6.804,6.932,6.843,6.927,6.86
14,ENR-ETM,R4,ENR,ETM,0.071,0.929,6.684,6.337,6.856,6.545,6.921,6.741,6.937,6.786,6.92,6.813
15,ENR-ETM,R5,ENR,ETM,0.029,0.971,6.685,6.217,6.9,6.503,7.019,6.715,7.056,6.83,7.025,6.837
16,CTC-TMP,R1,CTC,TMP,0.696,0.304,5.772,5.361,5.961,5.581,5.976,5.512,5.929,5.452,5.699,5.101
17,CTC-TMP,R2,CTC,TMP,0.477,0.523,5.757,5.351,5.951,5.574,5.977,5.575,6.073,5.721,6.102,5.811
18,CTC-TMP,R3,CTC,TMP,0.314,0.686,5.798,5.424,6.021,5.673,6.078,5.778,6.14,5.88,6.159,5.948
19,CTC-TMP,R4,CTC,TMP,0.186,0.814,5.72,5.591,5.845,5.705,5.905,5.769,6.03,5.86,6.101,5.936
20,CTC-TMP,R5,CTC,TMP,0.084,0.916,5.796,5.512,5.949,5.721,6.105,5.846,6.239,5.981,6.24,6.028
21,CTC-CMP,R1,CTC,CMP,0.89,0.11,6.803,6.2,6.926,6.511,7.015,6.644,7.017,6.692,6.879,6.607
22,CTC-CMP,R2,CTC,CMP,0.765,0.235,6.635,6.162,6.766,6.396,6.852,6.501,6.909,6.576,6.865,6.532
23,CTC-CMP,R3,CTC,CMP,0.619,0.381,6.654,6.042,6.797,6.397,6.941,6.542,6.99,6.629,6.876,6.565
24,CTC-CMP,R4,CTC,CMP,0.448,0.552,6.414,6.099,6.526,6.238,6.592,6.316,6.624,6.384,6.581,6.389
25,CTC-CMP,R5,CTC,CMP,0.245,0.755,6.585,6.221,6.704,6.371,6.793,6.471,6.824,6.555,6.784,6.559
26,CTC-ETM,R1,CTC,ETM,0.921,0.079,6.498,6.078,6.676,6.326,6.742,6.433,6.779,6.501,6.682,6.458
27,CTC-ETM,R2,CTC,ETM,0.823,0.177,6.555,6.085,6.741,6.365,6.799,6.476,6.822,6.539,6.788,6.544
28,CTC-ETM,R3,CTC,ETM,0.7,0.3,6.563,6.163,6.839,6.45,6.904,6.576,6.937,6.647,6.92,6.655
29,CTC-ETM,R4,CTC,ETM,0.538,0.462,6.75,6.269,6.808,6.495,6.85,6.58,6.888,6.641,6.855,6.662
30,CTC-ETM,R5,CTC,ETM,0.318,0.682,6.651,6.316,6.815,6.5,6.91,6.645,6.968,6.733,6.936,6.757
31,TMP-CMP,R1,TMP,CMP,0.947,0.053,5.93,5.706,6.051,5.839,6.051,5.839,6.159,5.939,6.21,6.003
32,TMP-CMP,R2,TMP,CMP,0.877,0.123,5.786,5.555,5.999,5.745,6.134,5.905,6.228,5.992,6.243,6.036
33,TMP-CMP,R3,TMP,CMP,0.78,0.22,6.132,5.605,6.374,5.876,6.481,6.079,6.658,6.252,6.618,6.244
34,TMP-CMP,R4,TMP,CMP,0.64,0.36,6.397,5.853,6.59,6.117,6.716,6.303,6.786,6.398,6.703,6.372
35,TMP-CMP,R5,TMP,CMP,0.415,0.585,6.328,6.016,6.586,6.24,6.709,6.37,6.783,6.463,6.749,6.474
36,TMP-ETM,R1,TMP,ETM,0.962,0.038,5.905,5.574,6.012,5.81,6.101,5.915,6.129,5.976,6.203,6.065
37,TMP-ETM,R2,TMP,ETM,0.911,0.089,5.905,5.574,6.012,5.81,6.048,5.915,6.195,6.039,6.241,6.103
38,TMP-ETM,R3,TMP,ETM,0.836,0.164,5.884,5.627,6.095,5.873,6.231,6.021,6.288,6.102,6.3,6.141
39,TMP-ETM,R4,TMP,ETM,0.718,0.282,5.999,5.591,6.27,5.985,6.445,6.193,6.472,6.248,6.456,6.27
40,TMP-ETM,R5,TMP,ETM,0.505,0.495,6.412,6.088,6.673,6.365,6.866,6.58,6.911,6.667,6.88,6.671
41,CMP-ETM,R1,CMP,ETM,0.878,0.122,6.674,6.289,6.803,6.465,6.943,6.622,6.996,6.712,6.964,6.719
42,CMP-ETM,R2,CMP,ETM,0.742,0.258,6.557,6.227,6.745,6.418,6.923,6.588,6.973,6.67,7.005,6.726
43,CMP-ETM,R3,CMP,ETM,0.589,0.411,6.584,6.18,6.778,6.42,6.923,6.605,6.988,6.691,6.976,6.72
44,CMP-ETM,R4,CMP,ETM,0.418,0.582,6.466,6.034,6.741,6.316,6.963,6.591,7.086,6.726,7.168,6.805
45,CMP-ETM,R5,CMP,ETM,0.223,0.777,6.552,6.137,6.81,6.428,7.0,6.646,7.115,6.776,7.173,6.833
