no,combo,ray,comp_a,comp_b,mole_frac_a,mole_frac_b
1,ENR-CTC,R1,ENR,CTC,0.246,0.754
2,ENR-CTC,R2,ENR,CTC,0.115,0.885
3,ENR-CTC,R3,ENR,CTC,0.061,0.939
4,ENR-CTC,R4,ENR,CTC,0.032,0.968
5,ENR-CTC,R5,ENR,CTC,0.013,0.987
6,ENR-CMP,R1,ENR,CMP,0.346,0.654
7,ENR-CMP,R2,ENR,CMP,0.175,0.825
8,ENR-CMP,R3,ENR,CMP,0.096,0.904
9,ENR-CMP,R4,ENR,CMP,0.05,0.95
10,ENR-CMP,R5,ENR,CMP,0.021,0.979
11,ENR-ETM,R1,ENR,ETM,0.432,0.568
12,ENR-ETM,R2,ENR,ETM,0.233,0.767
13,ENR-ETM,R3,ENR,ETM,0.132,0.868
14,ENR-ETM,R4,ENR,ETM,0.071,0.929
15,ENR-ETM,R5,ENR,ETM,0.029,0.971
16,CTC-TMP,R1,CTC,TMP,0.696,0.304
17,CTC-TMP,R2,CTC,TMP,0.477,0.523
18,CTC-TMP,R3,CTC,TMP,0.314,0.686
19,CTC-TMP,R4,CTC,TMP,0.186,0.814
20,CTC-TMP,R5,CTC,TMP,0.084,0.916
21,CTC-CMP,R1,CTC,CMP,0.89,0.11
22,CTC-CMP,R2,CTC,CMP,0.765,0.235
23,CTC-CMP,R3,CTC,CMP,0.619,0.381
24,CTC-CMP,R4,CTC,CMP,0.448,0.552
25,CTC-CMP,R5,CTC,CMP,0.245,0.755
26,CTC-ETM,R1,CTC,ETM,0.921,0.079
27,CTC-ETM,R2,CTC,ETM,0.823,0.177
28,CTC-ETM,R3,CTC,ETM,0.7,0.3
29,CTC-ETM,R4,CTC,ETM,0.538,0.462
30,CTC-ETM,R5,CTC,ETM,0.318,0.682
31,TMP-CMP,R1,TMP,CMP,0.947,0.053
32,TMP-CMP,R2,TMP,CMP,0.877,0.123
33,TMP-CMP,R3,TMP,CMP,0.78,0.22
34,TMP-CMP,R4,TMP,CMP,0.64,0.36
35,TMP-CMP,R5,TMP,CMP,0.415,0.585
36,TMP-ETM,R1,TMP,ETM,0.962,0.038
37,TMP-ETM,R2,TMP,ETM,0.911,0.089
38,TMP-ETM,R3,TMP,ETM,0.836,0.164
39,TMP-ETM,R4,TMP,ETM,0.718,0.282
40,TMP-ETM,R5,TMP,ETM,0.505,0.495
41,CMP-ETM,R1,CMP,ETM,0.878,0.122
42,CMP-ETM,R2,CMP,ETM,0.742,0.258
43,CMP-ETM,R3,CMP,ETM,0.589,0.411
44,CMP-ETM,R4,CMP,ETM,0.418,0.582
45,CMP-ETM,R5,CMP,ETM,0.223,0.777
